Problem,N,M,Size,NonZeros,Standard,SN,SM,SSize,SNonZeros,PAS_Iterations,PAS_Cost,PAS_Time,PAS_Feasible,PAS_Stop_Reason,Tulip_Iterations,Tulip_Cost,Tulip_Time,Tulip_Feasible,HiGHS_Iterations,HiGHS_Cost,HiGHS_Time,HiGHS_Feasible
lp_afiro.mat,51,27,1377,102,true,51,27,1377,102,19,-464.75278995646346,0.0021257,true,stop_gap_reached,8,-464.7531424264177,0.0006689,true,6,-464.7531428571429,0.0005240440368652344,true
lp_sc50a.mat,78,50,3900,160,true,78,50,3900,160,38,-64.57504759141341,0.0106776,true,stop_gap_reached,10,-64.57507691306816,0.019089,true,27,-64.5750770585645,0.0007801055908203125,true
lp_sc50b.mat,78,50,3900,148,true,78,50,3900,148,39,-69.99996548684192,0.0101279,true,stop_gap_reached,10,-69.99999878553842,0.0008641,true,14,-69.99999999999999,0.0006248950958251953,true
lp_kb2.mat,68,43,2924,313,false,77,52,4004,331,67,-1742.144307043105,0.0179588,true,stop_gap_reached,14,-1749.9001021580057,0.0012237,false,68,-1749.9001299062058,0.0009729862213134766,false
lp_adlittle.mat,138,56,7728,424,true,138,56,7728,424,31,225495.10620067798,0.0143234,true,stop_gap_reached,12,225494.96315590077,0.0192342,true,93,225494.96316238024,0.0013980865478515625,true
lp_blend.mat,114,74,8436,522,true,114,74,8436,522,31,-30.812137989464883,0.020733,true,stop_gap_reached,9,-30.81214858745238,0.0225904,true,93,-30.812149845828216,0.0016179084777832031,true
lp_share2b.mat,162,96,15552,777,true,162,96,15552,777,44,-415.64406421554185,0.0999739,true,stop_small_ρ,11,-415.73223602319155,0.0019297,true,143,-415.73224074141916,0.0021140575408935547,true
lp_sc105.mat,163,105,17115,340,true,163,105,17115,340,61,-51.85185224567532,0.091366,true,stop_gap_reached,12,-52.20206076077895,0.0015951,true,54,-52.20206121170723,0.0011909008026123047,true
lp_stocfor1.mat,165,117,19305,501,true,165,117,19305,501,51,-41131.36078693831,0.148271,true,stop_small_ρ,15,-41131.9762172506,0.0020705,true,59,-41131.97621943641,0.0013840198516845703,true
lp_scagr7.mat,185,129,23865,465,true,185,129,23865,465,80,-2.2853359001884987e6,0.1973653,true,stop_gap_reached,12,-2.331389824260218e6,0.0018357,true,98,-2.3313898243309837e6,0.0016429424285888672,true
lp_share1b.mat,253,117,29601,1179,true,253,117,29601,1179,169,-47589.560693224485,0.5113543,true,stop_gap_reached,25,-76589.31857636516,0.0046872,true,181,-76589.31857918568,0.003263235092163086,true
lp_beaconfd.mat,295,173,51035,3408,true,295,173,51035,3408,28,33592.53542102764,0.3781759,true,stop_small_ρ,9,33592.48580123391,0.1355529,true,48,33592.4858072,0.002398967742919922,true
lp_israel.mat,316,174,54984,2443,true,316,174,54984,2443,99,-621184.9619186537,0.7698144,true,stop_gap_reached,18,-896644.817042642,0.006751,true,240,-896644.8218630455,0.0042040348052978516,true
lp_lotfi.mat,366,153,55998,1136,true,366,153,55998,1136,90,-25.263955379486433,0.7720514,true,stop_small_ρ,26,-25.264705959924072,0.0075914,true,140,-25.264706061880002,0.0025098323822021484,true
lp_scsd1.mat,760,77,58520,2388,true,760,77,58520,2388,22,8.666675223120826,0.0800923,true,stop_gap_reached,9,8.666666673708898,0.0041566,true,86,8.666666674333365,0.0022652149200439453,true
lp_sc205.mat,317,205,64985,665,true,317,205,64985,665,153,-48.67942606510938,1.5448368,true,stop_gap_reached,13,-52.20204335018235,0.0049834,true,124,-52.20206121170721,0.002317190170288086,true
lp_recipe.mat,204,91,18564,687,false,320,207,66240,919,28,-266.6159647420633,0.3129566,true,stop_gap_reached,9,-266.61599997943085,0.0094854,false,19,-266.616,0.0012810230255126953,true
lp_brandy.mat,303,220,66660,2202,true,303,220,66660,2202,108,1519.3033721968432,1.342706,true,stop_gap_reached,14,1518.5098969725213,0.0148052,true,187,1518.5098964881279,0.0038862228393554688,true
lp_bore3d.mat,334,233,77822,1448,false,348,247,85956,1476,191,1393.5819243571211,4.0201566,true,stop_small_ρ,16,1373.0804272301962,0.0027246,false,33,1373.0803942084926,0.0016660690307617188,false
lp_e226.mat,472,223,105256,2768,true,472,223,105256,2768,50,-18.751920619040572,0.9109857,true,stop_gap_reached,18,-18.751928205318574,0.011216,true,364,-18.751929066370547,0.007128238677978516,true
lp_bandm.mat,472,305,143960,2494,true,472,305,143960,2494,130,-156.6010498774825,4.7263894,true,stop_gap_reached,14,-158.62801670114882,0.0087536,true,381,-158.62801845012058,0.00822901725769043,true
lp_scorpion.mat,466,388,180808,1534,true,466,388,180808,1534,21,1878.125179320885,0.9054805,true,stop_gap_reached,13,1878.1247930827212,0.0053386,true,89,1878.1248227381068,0.0031430721282958984,true
lp_vtp_base.mat,346,198,68508,1051,false,508,360,182880,1375,1,6.0,0.024711,false,stop_rank,0,0.0,0.0006884,false,0,Inf,Inf,false
lp_scfxm1.mat,600,330,198000,2732,true,600,330,198000,2732,91,18851.54265000836,4.4876668,true,stop_gap_reached,20,18416.759030924102,0.0146381,true,415,18416.759028348948,0.00874185562133789,true
lp_sctap1.mat,660,300,198000,1872,true,660,300,198000,1872,31,1412.250769836729,1.315584,true,stop_gap_reached,16,1412.249970579739,0.0099853,true,369,1412.25,0.006057024002075195,true
lp_scsd6.mat,1350,147,198450,4316,true,1350,147,198450,4316,22,50.50002328249905,0.4771497,true,stop_gap_reached,11,50.49999933437005,0.0133236,true,270,50.50000007826238,0.0068569183349609375,true
lp_tuff.mat,628,333,209124,4561,false,662,367,242954,4629,1,0.015,0.0259853,false,stop_rank,100,0.3112405108076386,0.0697441,false,0,Inf,Inf,false
lp_grow7.mat,301,140,42140,2612,false,581,420,244020,3172,39,-4.7752395122299165e7,3.0733687,true,stop_gap_reached,15,-4.778781181464971e7,0.0100687,false,343,-4.778781181471151e7,0.007524967193603516,false
lp_capri.mat,482,271,130622,1896,false,659,448,295232,2250,1,5.21479,0.0243376,false,stop_rank,9,0.19157787496013787,0.0075672,false,0,Inf,Inf,false
lp_agg.mat,615,488,300120,2862,true,615,488,300120,2862,250,-142359.6434013373,29.3556119,false,stop_small_ρ,18,-3.599176728596854e7,0.2335446,true,368,-3.599176728657651e7,0.007042884826660156,true
lp_scagr25.mat,671,471,316041,1725,true,671,471,316041,1725,152,-1.15477600716695e7,16.5057479,true,stop_gap_reached,14,-1.4753433059369097e7,0.0099565,true,348,-1.4753433060768519e7,0.006060123443603516,true
lp_degen2.mat,757,444,336108,4201,true,757,444,336108,4201,29,-1435.1591995813512,6.1420776,true,stop_small_ρ,10,-1435.1779999845276,0.0203154,true,537,-1435.178,0.013440847396850586,true
lp_agg2.mat,758,516,391128,4740,true,758,516,391128,4740,106,-2.02380848323038e7,16.0961441,true,stop_gap_reached,17,-2.0239252352930922e7,0.0349895,true,534,-2.0239252355977103e7,0.011223077774047852,true
lp_agg3.mat,758,516,391128,4756,true,758,516,391128,4756,11,-1926.8890245710256,4.5247204,false,stop_small_ρ,16,1.0312115934713194e7,0.0271808,true,563,1.0312115935089225e7,0.011441946029663086,true
lp_stair.mat,614,356,218584,4003,false,790,532,420280,4355,12,-Inf,0.0391534,true,stop_gap_reached,10,-5.7185370397290925e-12,0.011861,false,0,Inf,Inf,false
lp_fffff800.mat,1028,524,538672,6401,true,1028,524,538672,6401,4,0.0218320628141304,0.6228301,false,stop_gap_reached,26,555679.5668053179,0.0308513,true,388,555679.5648174962,0.008073091506958008,true
lp_ship04s.mat,1506,402,605412,4400,true,1506,402,605412,4400,29,1.7987179103836657e6,6.7002712,true,stop_small_ρ,16,1.7987146999964213e6,0.0556942,true,278,1.7987147004453926e6,0.005217075347900391,true
lp_scrs8.mat,1275,490,624750,3288,true,1275,490,624750,3288,112,904.3036743717203,23.889354,true,stop_gap_reached,19,904.2969394564379,0.0314157,true,392,904.2969538007914,0.009392023086547852,true
lp_wood1p.mat,2595,244,633180,70216,true,2595,244,633180,70216,2,0.4,2.8463476,false,stop_small_ρ,13,1.4429024118119171,0.3388799,true,138,1.4429024115734148,0.047896623611450195,true
lp_standata.mat,1274,359,457366,3230,false,1405,490,688450,3492,65,1257.7032143675956,20.613024,true,stop_small_ρ,12,1257.699500052272,0.0103207,true,94,1257.6995,0.005063772201538086,true
lp_standgub.mat,1383,361,499263,3338,false,1514,492,744888,3600,51,1257.7583865910296,18.3806922,true,stop_small_ρ,12,1257.699500052272,0.0271497,true,92,1257.6995,0.005047798156738281,true
lp_etamacro.mat,816,400,326400,2537,false,1105,689,761345,3115,81,-755.7072427714832,41.2410005,true,stop_small_ρ,21,-755.7151658284874,0.0330215,true,464,-755.7152333005279,0.009759187698364258,true
lp_scfxm2.mat,1200,660,792000,5469,true,1200,660,792000,5469,158,37003.3721571106,60.7049423,true,stop_gap_reached,22,36660.26156647722,0.0320817,true,808,36660.26156499881,0.017084121704101562,true
lp_finnis.mat,1064,497,528808,2760,false,1231,664,817384,3094,270,183354.57641861943,123.1072246,false,stop_small_ρ,25,172791.06821869806,0.0305512,true,397,172791.06559561155,0.007609128952026367,true
lp_standmps.mat,1274,467,594958,3878,false,1405,598,840190,4140,66,1406.0257105318983,31.4257769,true,stop_small_ρ,15,1406.0175001005036,0.0194978,true,221,1406.0175,0.007188081741333008,true
lp_ship04l.mat,2166,402,870732,6380,true,2166,402,870732,6380,27,1.7933365680492693e6,9.4136825,true,stop_small_ρ,14,1.7933245342318797e6,0.0264684,true,382,1.793324537970356e6,0.007310152053833008,true
lp_bnl1.mat,1586,643,1019798,5532,true,1586,643,1019798,5532,207,2005.4662417698246,95.8772807,true,stop_gap_reached,29,1977.629609842093,0.0450002,true,842,1977.6295615228878,0.023251056671142578,true
lp_scsd8.mat,2750,397,1091750,8584,true,2750,397,1091750,8584,22,905.005720105793,12.716642,true,stop_small_ρ,11,904.9999998278263,0.0666206,true,1054,904.9999999254644,0.0352780818939209,true
lp_modszk1.mat,1620,687,1112940,3168,false,1622,689,1117558,3172,1,135548.47499999998,0.089935,false,stop_rank,22,109301.46103251932,0.0288213,true,0,Inf,Inf,false
lp_grow15.mat,645,300,193500,5620,false,1245,900,1120500,6820,48,-1.0159779718225259e8,35.3255199,true,stop_gap_reached,15,-1.068709412309452e8,0.0267398,false,1198,-1.0687094129357538e8,0.03616499900817871,false
lp_pilot4.mat,1123,410,460430,5264,false,1488,775,1153200,5994,1,-4.078036,0.1153111,false,stop_rank,0,0.0,0.001039,false,0,Inf,Inf,false
lp_gfrd_pnc.mat,1160,616,714560,2445,false,1420,876,1243920,2965,178,7.048795320295827e6,134.0296541,true,stop_gap_reached,15,6.9022359918900905e6,0.0198689,true,297,6.902235999548809e6,0.0074062347412109375,true
lp_qap8.mat,1632,912,1488384,7296,true,1632,912,1488384,7296,22,203.5000979102058,14.2712017,true,stop_gap_reached,9,203.49999971127357,0.261569,true,7152,203.50000000000102,0.5093488693237305,true
lp_25fv47.mat,1876,821,1540196,10705,true,1876,821,1540196,10705,269,5502.305708016539,249.6668571,true,stop_gap_reached,23,5501.845965937146,0.3487058,true,2944,5501.8458882867435,0.1493208408355713,true
lp_scfxm3.mat,1800,990,1782000,8206,true,1800,990,1782000,8206,117,55504.00627444126,145.9917326,false,stop_gap_reached,21,54901.25460301414,0.3133279,true,1253,54901.254549751466,0.027642250061035156,true
lp_maros.mat,1966,846,1663236,10137,false,2029,909,1844361,10263,399,-43694.08556691541,503.5224977,false,stop_small_ρ,100,-58028.88279810887,0.4121177,true,1374,-58063.74370112589,0.043562889099121094,true
lp_ship08s.mat,2467,778,1919326,7194,true,2467,778,1919326,7194,28,1.9201002126819463e6,41.0251129,true,stop_small_ρ,18,1.92009821037546e6,0.0284128,true,371,1.9200982105346199e6,0.008853912353515625,true
lp_perold.mat,1506,625,941250,6148,false,1935,1054,2039490,7006,1,-8.156072,0.2311903,false,stop_rank,0,0.0,0.0013852,false,0,Inf,Inf,false
lp_fit1p.mat,1677,627,1051479,9868,false,2076,1026,2129976,10666,106,9249.975212601606,155.844844,true,stop_gap_reached,13,9146.378121139254,0.0290959,true,860,9146.378092420926,0.03766775131225586,true
lp_fit1d.mat,1049,24,25176,13427,false,2075,1050,2178750,15479,264,-9140.029816022343,464.5974007,true,stop_small_ρ,25,-9146.378087136234,0.0446623,false,69,-9146.378092420926,0.011137008666992188,false
lp_grow22.mat,946,440,416240,8252,false,1826,1320,2410320,10012,119,-1.5166806638840654e8,286.7837169,true,stop_gap_reached,15,-1.6083433643693355e8,0.0344424,false,1934,-1.6083433648256284e8,0.07163023948669434,false
lp_d6cube.mat,6184,415,2566360,37704,false,6185,416,2572960,37706,38,315.50078298452513,43.8402474,true,stop_small_ρ,17,315.49166667574787,0.1731381,true,433,315.4916666666668,0.08704209327697754,true
lp_sctap2.mat,2500,1090,2725000,7334,true,2500,1090,2725000,7334,28,1724.8084021900988,55.1116065,true,stop_gap_reached,12,1724.8071392393554,0.0264879,true,912,1724.8071428571427,0.016340255737304688,true
lp_shell.mat,1777,536,952472,3558,false,2403,1162,2792286,4810,19,123669.23895730017,82.3293376,false,stop_small_ρ,20,1.208825345960853e9,0.0362479,true,345,1.208825346e9,0.010053157806396484,true
lp_ship12s.mat,2869,1151,3302219,8284,true,2869,1151,3302219,8284,27,1.4892461006849122e6,97.7019011,true,stop_small_ρ,20,1.4892361337628185e6,0.0714749,true,498,1.4892361344061287e6,0.010143041610717773,true
lp_ship08l.mat,4363,778,3394414,12882,true,4363,778,3394414,12882,24,1.9090593676192642e6,64.901578,true,stop_small_ρ,21,1.9090551866907994e6,0.3136099,true,687,1.9090552113891316e6,0.01597905158996582,true
lp_ganges.mat,1706,1309,2233154,6937,false,2110,1713,3614430,7745,55,-261.9251827022929,238.4342057,false,stop_gap_reached,17,-109585.73325588842,0.0402277,true,517,-109585.73612927852,0.010383844375610352,true
lp_degen3.mat,2604,1503,3913812,25432,true,2604,1503,3913812,25432,30,-987.273061287592,207.0803574,true,stop_small_ρ,12,-987.293996738093,0.1540646,true,2486,-987.2940000000001,0.17640995979309082,true
lp_pilot_we.mat,2928,722,2114016,9265,false,3408,1202,4096416,10225,1,-5.712591821131e6,1.0534707,false,stop_rank,0,0.0,0.0021774,false,0,Inf,Inf,false
lp_czprob.mat,3562,929,3309098,10708,false,3791,1158,4389978,11166,99,2.18519905854879e6,333.7805268,true,stop_gap_reached,26,2.185196698841554e6,0.0596081,true,733,2.1851966988565773e6,0.024646997451782227,true
lp_pilotnov.mat,2446,975,2384850,13331,false,3001,1530,4591530,14441,301,-3095.937579523388,1531.7458441,false,stop_small_ρ,100,-4497.276188218901,0.3804664,true,1863,-4497.2761882188715,0.11227893829345703,true
lp_sctap3.mat,3340,1480,4943200,9734,true,3340,1480,4943200,9734,29,1424.0010608601744,138.9968549,true,stop_gap_reached,11,1423.9999797558103,0.0846567,true,1237,1424.0,0.018388986587524414,true
lp_pilot_ja.mat,2267,940,2130980,14977,false,3023,1696,5127008,16489,1,-5.1496010000000005,1.4127655,false,stop_rank,0,0.0,0.0028733,false,0,Inf,Inf,false
lp_ship12l.mat,5533,1151,6368483,16276,true,5533,1151,6368483,16276,27,1.4702301522027215e6,186.7196137,true,stop_small_ρ,29,1.4701879192446005e6,0.3060814,true,955,1.4701879193292647e6,0.021751880645751953,true
lp_stocfor2.mat,3045,2157,6568065,9357,true,3045,2157,6568065,9357,184,-38588.79961029537,1917.5714693,true,stop_small_ρ,25,-39024.4071852398,0.0628736,true,1701,-39024.408537882045,0.03853297233581543,true
lp_cycle.mat,3371,1903,6415013,21234,false,3455,1987,6865085,21402,1,-16.09111,2.2147054,false,stop_rank,100,-5.225381948430885,0.6766784,false,0,Inf,Inf,false
lp_truss.mat,8806,1000,8806000,27836,true,8806,1000,8806000,27836,13,9.633496853381816,188.4241228,false,stop_small_ρ,21,458815.84700360906,0.1751512,true,18896,458815.84718561673,2.3693079948425293,true
lp_woodw.mat,8418,1098,9242964,37487,true,8418,1098,9242964,37487,1,4.0,139.3708847,false,stop_small_ρ,19,1.3044763436555646,0.120923,true,851,1.3044763330842293,0.05770087242126465,true
lp_bnl2.mat,4486,2324,10425464,14996,true,4486,2324,10425464,14996,293,1811.5854728864792,4703.854186,true,stop_gap_reached,32,1811.2369207142656,0.5278035,true,1336,1811.2365403585454,0.0513148307800293,true
lp_d2q06c.mat,5831,2171,12659101,33081,true,5831,2171,12659101,33081,604,122838.45475286462,11644.7148837,true,stop_small_ρ,49,122784.21287667852,0.8943899,true,6115,122784.21081418928,0.8290340900421143,true
lp_sierra.mat,2735,1227,3355845,8001,false,4771,3263,15567773,12073,208,1.5394593540404888e7,6891.4181892,true,stop_gap_reached,14,1.5394362207226507e7,0.3468285,true,879,1.539436218363193e7,0.020791053771972656,true
